cohort,event_time,beta,se,p,n_treated,n_control
4,-3,-0.02929927253414234,0.07436695743010663,0.6944085012271681,782,241
4,-2,0.018048912971974716,0.100504171008061,0.8578322000374334,782,241
4,0,-0.018535065508785687,0.11664483518313855,0.8740574555430114,782,241
4,1,-0.052229414230407875,0.13929429296593845,0.7084631672366706,782,241
4,2,-0.0522418801894658,0.15705530394816902,0.7400868806968717,782,241
4,3,-0.07424803397498132,0.1708211387602008,0.6647231065655346,782,241
