event_time,beta,se,p
-3,0.005580181091749408,0.009205483781232076,0.5443951647988416
-2,-0.006502653137449452,0.010450755252007218,0.5337982104454118
-1,0.0,0.0,
0,0.015498924540105236,0.011733134241804328,0.18651687510986314
1,0.0007542485951581661,0.01703694805231765,0.9646881131082188
2,0.01235464806414105,0.017224381608167222,0.47320336444801936
3,0.046508488200316445,0.01653745769455464,0.004918679063728115
