model,beta,se,p
Primary v1,0.11342521032223524,0.0364986545502158,0.001907388215012018
V_ORIG reconstructed,0.11144493951682177,0.0357535319330178,0.001847973967493255
V_EXT independent,0.11096364121920879,0.0433576810151107,0.010548973443401888
