test,value
E-A_pearson,0.9401998943301462
E-A_spearman,0.9383496819701556
E-A_vs_v1_orig,0.9876655802904141
E-A_vs_v1_ext,0.9314828398428661
E-B_delta_mean,0.02446076199109804
E-B_t,8.394963568871031
E-B_p,6.239359888220832e-17
E-C_mean_r,0.17811588866101044
E-C_sd_r,0.10538408056638929
