{
  "vai": {
    "n": 5597,
    "raw_pearson": {
      "n": 5597,
      "r": 0.024171309285034588,
      "p": 0.0705768029239544,
      "ci_lo": -0.002029623104797677,
      "ci_hi": 0.05033907763597553
    },
    "raw_spearman": {
      "n": 5597,
      "rho": 0.015358696899842973,
      "p": 0.2506207885397715
    },
    "within_pearson": {
      "n": 5597,
      "r": 0.027762574098379025,
      "p": 0.037807038821472023,
      "ci_lo": 0.0015640646809736885,
      "ci_hi": 0.05392299921625582
    },
    "within_spearman": {
      "n": 5597,
      "rho": 0.025219777848861622,
      "p": 0.059207631522388775
    }
  },
  "vai_extended": {
    "n": 5599,
    "raw_pearson": {
      "n": 5599,
      "r": 0.04361404701560662,
      "p": 0.0010973120464078429,
      "ci_lo": 0.017439003586233678,
      "ci_hi": 0.06972935036989086
    },
    "raw_spearman": {
      "n": 5599,
      "rho": 0.03074812223581196,
      "p": 0.021402735428803183
    },
    "within_pearson": {
      "n": 5599,
      "r": 0.053211528863046385,
      "p": 6.788942028709813e-05,
      "ci_lo": 0.027054272174111757,
      "ci_hi": 0.07929596719905793
    },
    "within_spearman": {
      "n": 5599,
      "rho": 0.045929741866924036,
      "p": 0.0005864452927451877
    }
  },
  "vai_contextual": {
    "n": 5585,
    "raw_pearson": {
      "n": 5585,
      "r": 0.04594740841600442,
      "p": 0.0005929332363172902,
      "ci_lo": 0.0197434205648241,
      "ci_hi": 0.0720883155102944
    },
    "raw_spearman": {
      "n": 5585,
      "rho": 0.03621839221694633,
      "p": 0.0067897084388060195
    },
    "within_pearson": {
      "n": 5585,
      "r": 0.046454243002693,
      "p": 0.0005151434630866904,
      "ci_lo": 0.020251136200204897,
      "ci_hi": 0.07259357621101362
    },
    "within_spearman": {
      "n": 5585,
      "rho": 0.041565206997406526,
      "p": 0.0018903858161175612
    }
  },
  "vai_composite": {
    "n": 5599,
    "raw_pearson": {
      "n": 5599,
      "r": 0.04827754639948705,
      "p": 0.0003018132081900479,
      "ci_lo": 0.022110541083033616,
      "ci_hi": 0.07437845221376425
    },
    "raw_spearman": {
      "n": 5599,
      "rho": 0.035325645161116186,
      "p": 0.008204697331356757
    },
    "within_pearson": {
      "n": 5599,
      "r": 0.05302713254313551,
      "p": 7.195112023050474e-05,
      "ci_lo": 0.02686948850250642,
      "ci_hi": 0.07911220914694587
    },
    "within_spearman": {
      "n": 5599,
      "rho": 0.047595880531195976,
      "p": 0.0003671224660560308
    }
  },
  "per_visible_indicator": {
    "road_pc": {
      "raw": {
        "n": 5596,
        "r": 0.218420429296507,
        "p": 2.0321655202384247e-61,
        "ci_lo": 0.1933248488974583,
        "ci_hi": 0.2432303977698364
      },
      "within": {
        "n": 5596,
        "r": 0.0018807951374230705,
        "p": 0.8881351976772103,
        "ci_lo": -0.024322391559701794,
        "ci_hi": 0.028081399345769528
      }
    },
    "park_green_pc": {
      "raw": {
        "n": 5597,
        "r": 0.1804715652723081,
        "p": 3.467749721765684e-42,
        "ci_lo": 0.15500482617534017,
        "ci_hi": 0.20569860939428597
      },
      "within": {
        "n": 5597,
        "r": 0.010380568251629202,
        "p": 0.43748335949161005,
        "ci_lo": -0.01582338226030187,
        "ci_hi": 0.03657026940753032
      }
    },
    "greening_cover_rate": {
      "raw": {
        "n": 5594,
        "r": 0.18735403515506724,
        "p": 2.3118683552652594e-45,
        "ci_lo": 0.16194248878003303,
        "ci_hi": 0.21251726314358635
      },
      "within": {
        "n": 5594,
        "r": 0.01399694990722148,
        "p": 0.29524171886712747,
        "ci_lo": -0.01221420239612916,
        "ci_hi": 0.04018888005380897
      }
    },
    "greenspace_rate": {
      "raw": {
        "n": 5592,
        "r": 0.18500034905329743,
        "p": 3.0691700177051747e-44,
        "ci_lo": 0.15956272796902465,
        "ci_hi": 0.2101924609702609
      },
      "within": {
        "n": 5592,
        "r": 0.0107965766394133,
        "p": 0.4195469224876276,
        "ci_lo": -0.015419145245509193,
        "ci_hi": 0.0369974649937242
      }
    }
  },
  "per_functional_indicator": {
    "water_supply_rate": {
      "raw": {
        "n": 5596,
        "r": 0.11436170439609895,
        "p": 9.385252985865208e-18,
        "ci_lo": 0.0884246812326677,
        "ci_hi": 0.140143751158849
      },
      "within": {
        "n": 5596,
        "r": -0.04464006623259653,
        "p": 0.0008369321820636365,
        "ci_lo": -0.07075929010442794,
        "ci_hi": -0.018459669666055032
      }
    },
    "gas_supply_rate": {
      "raw": {
        "n": 5595,
        "r": 0.17058580757266784,
        "p": 8.466395529964373e-38,
        "ci_lo": 0.14502977353241364,
        "ci_hi": 0.19591438299462827
      },
      "within": {
        "n": 5595,
        "r": -0.023592088582618687,
        "p": 0.07764225156771407,
        "ci_lo": -0.04976565242497368,
        "ci_hi": 0.002613857051259086
      }
    },
    "sewage_rate": {
      "raw": {
        "n": 5378,
        "r": 0.2639602658527259,
        "p": 2.0142044980527098e-86,
        "ci_lo": 0.23891804094617097,
        "ci_hi": 0.28865161640340153
      },
      "within": {
        "n": 5378,
        "r": 0.03579120967679439,
        "p": 0.008665563742400795,
        "ci_lo": 0.009072077403530266,
        "ci_hi": 0.062459270656896757
      }
    },
    "sewage_plant_rate": {
      "raw": {
        "n": 5311,
        "r": 0.2435341121866711,
        "p": 1.4681320247848416e-72,
        "ci_lo": 0.21806657630717416,
        "ci_hi": 0.2686701910602293
      },
      "within": {
        "n": 5311,
        "r": 0.021828837896141255,
        "p": 0.11169360733292949,
        "ci_lo": -0.005070025047006223,
        "ci_hi": 0.048696134407586654
      }
    },
    "drainage_density": {
      "raw": {
        "n": 5045,
        "r": 0.15746907588949854,
        "p": 2.2579890913620436e-29,
        "ci_lo": 0.13044001500173363,
        "ci_hi": 0.18426424364787372
      },
      "within": {
        "n": 5045,
        "r": -0.013109404384271661,
        "p": 0.3518814033778718,
        "ci_lo": -0.04069057176978116,
        "ci_hi": 0.014491726061246456
      }
    }
  },
  "probe3_cir_yearbookbias": {
    "n": 3056,
    "raw_pearson": {
      "n": 3056,
      "r": -0.08110399283461048,
      "p": 7.153135540278994e-06,
      "ci_lo": -0.11622745073315392,
      "ci_hi": -0.04577793897280532
    },
    "raw_spearman": {
      "n": 3056,
      "rho": -0.06564320548393585,
      "p": 0.0002820399373694082
    },
    "within_pearson": {
      "n": 3056,
      "r": 0.02139258608065539,
      "p": 0.2371036792834086,
      "ci_lo": -0.014075791132541716,
      "ci_hi": 0.05680719628634607
    },
    "ref_vai_vs_cir": {
      "n": 2721,
      "r": 0.15558604580882027,
      "p": 3.298325505348821e-16,
      "ci_lo": 0.11870263663575373,
      "ci_hi": 0.19204068262246632
    }
  }
}