shift_years,window,beta,p,n
0,2009-2018,-0.0426196978379991,0.07842145234906561,128
-2,2007-2016,0.0013448459382724906,0.9764672011209687,127
-4,2005-2014,,,0
-6,2003-2012,,,0
-8,2003-2010,,,0
-10,2003-2008,,,0
2,2011-2020,0.01286088918278064,0.060446596081444204,2723
4,2013-2022,0.02267187206846946,0.0003487343499659623,2774
6,2015-2024,-0.02516427244729025,0.0010891551711624814,2799
